Modelo,SMAPE,RMSE,MAE,MAPE
XGBoost,29.50640519607542,186390.7197278673,141340.8671446918,2119.1814906880754
